"id";"region_id";"region_city";"all_region";"msg_date"
"5272";"5";"Донецька обл.";"1";"2023-06-26 00:16:31"
"5284";"20";"Херсон";"0";"2023-06-26 00:19:43"
"5291";"22";"Черкаська обл.";"1";"2023-06-26 00:31:02"
"5281";"15";"Полтавська обл.";"1";"2023-06-26 00:44:21"
"5273";"5";"Донецька обл.";"1";"2023-06-26 00:47:32"
"5275";"9";"Київська обл.";"1";"2023-06-26 01:12:15"
"5276";"9";"Київська обл.";"1";"2023-06-26 01:50:00"
"5278";"14";"Одеська обл.";"1";"2023-06-26 02:00:27"
"5279";"14";"Одеса";"0";"2023-06-26 02:02:28"
"5280";"14";"Одеса";"0";"2023-06-26 02:54:07"
"5285";"20";"Херсон";"0";"2023-06-26 04:10:53"
"5282";"17";"Сумська обл.";"1";"2023-06-26 04:42:33"
"5286";"20";"Херсон";"0";"2023-06-26 05:18:13"
"5274";"5";"Слов'янськ";"0";"2023-06-26 11:22:21"
"5287";"20";"Херсонська обл.";"1";"2023-06-26 11:23:37"
"5277";"11";"Луганськ";"0";"2023-06-26 13:19:42"
"5288";"20";"Херсонська обл.";"1";"2023-06-26 18:31:46"
"5289";"20";"Білозерка";"0";"2023-06-26 20:45:40"
"5283";"19";"Куп'янськ";"0";"2023-06-26 21:57:47"
"5290";"20";"Херсонська обл.";"1";"2023-06-26 22:39:21"
"5299";"15";"Кременчук";"0";"2023-06-27 12:01:46"
"5300";"17";"Сумська обл.";"1";"2023-06-27 12:05:38"
"5301";"17";"Сумська обл.";"1";"2023-06-27 12:20:20"
"5292";"5";"Краматорськ";"0";"2023-06-27 13:59:15"
"5293";"5";"Краматорськ";"0";"2023-06-27 14:05:04"
"5303";"19";"Вовчанськ";"0";"2023-06-27 14:11:19"
"5294";"5";"Краматорськ";"0";"2023-06-27 15:25:54"
"5304";"20";"Херсонська обл.";"1";"2023-06-27 15:38:16"
"5297";"8";"Бердянськ";"0";"2023-06-27 17:00:36"
"5305";"20";"Херсон";"0";"2023-06-27 17:02:21"
"5302";"17";"Сумська обл.";"1";"2023-06-27 18:23:10"
"5295";"5";"Костянтинівка";"0";"2023-06-27 19:01:22"
"5306";"20";"Херсон";"0";"2023-06-27 19:23:21"
"5296";"5";"Краматорськ";"0";"2023-06-27 19:29:28"
"5298";"8";"Запоріжжя";"0";"2023-06-27 22:14:35"
"5318";"8";"Запорізька обл.";"1";"2023-06-28 00:25:09"
"5319";"8";"Мелітополь";"0";"2023-06-28 00:33:10"
"5308";"5";"Костянтинівка";"0";"2023-06-28 00:37:10"
"5307";"4";"Дніпропетровська обл.";"1";"2023-06-28 00:58:33"
"5320";"8";"Запоріжжя";"0";"2023-06-28 01:20:04"
"5324";"20";"Нова Каховка";"0";"2023-06-28 01:40:21"
"5330";"22";"Черкаська обл.";"1";"2023-06-28 02:46:36"
"5331";"22";"Черкаська обл.";"1";"2023-06-28 03:06:08"
"5321";"8";"Мелітополь";"0";"2023-06-28 10:43:22"
"5309";"5";"Слов'янськ";"0";"2023-06-28 12:03:34"
"5325";"20";"Херсонська обл.";"1";"2023-06-28 12:17:18"
"5326";"20";"Херсонська обл.";"1";"2023-06-28 12:18:01"
"5310";"5";"Донецька обл.";"1";"2023-06-28 14:18:09"
"5311";"5";"Костянтинівка";"0";"2023-06-28 15:44:46"
"5312";"5";"Донецька обл.";"1";"2023-06-28 16:03:33"
"5323";"17";"Сумська обл.";"1";"2023-06-28 16:04:29"
"5313";"5";"Донецька обл.";"1";"2023-06-28 17:09:14"
"5314";"5";"Курахове";"0";"2023-06-28 18:00:23"
"5327";"20";"Херсонська обл.";"1";"2023-06-28 18:31:16"
"5315";"5";"Донецька обл.";"1";"2023-06-28 18:36:05"
"5316";"5";"Костянтинівка";"0";"2023-06-28 19:20:10"
"5328";"20";"Херсонська обл.";"1";"2023-06-28 20:15:14"
"5322";"8";"Мелітополь";"0";"2023-06-28 20:22:00"
"5317";"5";"Костянтинівка";"0";"2023-06-28 21:33:31"
"5329";"20";"Таврійськ";"0";"2023-06-28 22:01:00"
"5337";"17";"Сумська обл.";"1";"2023-06-29 00:06:09"
"5334";"8";"Запоріжжя";"0";"2023-06-29 00:59:00"
"5340";"19";"Харківська обл.";"1";"2023-06-29 01:04:12"
"5335";"8";"Токмак";"0";"2023-06-29 01:25:53"
"5332";"5";"Костянтинівка";"0";"2023-06-29 01:56:20"
"5342";"20";"Херсон";"0";"2023-06-29 09:44:20"
"5341";"19";"Вовчанськ";"0";"2023-06-29 10:34:20"
"5336";"8";"Токмак";"0";"2023-06-29 12:39:52"
"5343";"20";"Херсон";"0";"2023-06-29 13:05:27"
"5333";"5";"Костянтинівка";"0";"2023-06-29 15:17:56"
"5344";"20";"Херсон";"0";"2023-06-29 17:50:30"
"5338";"17";"Сумська обл.";"1";"2023-06-29 17:58:04"
"5339";"17";"Сумська обл.";"1";"2023-06-29 20:18:01"
"5345";"4";"Дніпропетровська обл.";"1";"2023-06-30 00:37:41"
"5351";"8";"Запоріжжя";"0";"2023-06-30 00:48:45"
"5353";"13";"Миколаїв";"0";"2023-06-30 01:50:17"
"5346";"5";"Костянтинівка";"0";"2023-06-30 02:12:14"
"5347";"5";"Костянтинівка";"0";"2023-06-30 02:36:23"
"5352";"8";"Бердянськ";"0";"2023-06-30 08:04:47"
"5348";"5";"Слов'янськ";"0";"2023-06-30 11:37:29"
"5357";"20";"Херсонська обл.";"1";"2023-06-30 12:44:38"
"5349";"5";"Слов'янськ";"0";"2023-06-30 13:53:39"
"5358";"20";"Херсонська обл.";"1";"2023-06-30 14:26:47"
"5354";"17";"Сумська обл.";"1";"2023-06-30 15:33:30"
"5350";"5";"Донецька обл.";"1";"2023-06-30 15:43:04"
"5355";"17";"Сумська обл.";"1";"2023-06-30 17:50:15"
"5356";"19";"Харківська обл.";"1";"2023-06-30 17:50:23"
"5359";"20";"Херсон";"0";"2023-06-30 18:45:26"
"5360";"5";"Костянтинівка";"0";"2023-07-01 09:53:35"
"5369";"17";"Сумська обл.";"1";"2023-07-01 10:14:48"
"5361";"5";"Слов'янськ";"0";"2023-07-01 11:41:46"
"5370";"17";"Сумська обл.";"1";"2023-07-01 12:30:01"
"5371";"17";"Сумська обл.";"1";"2023-07-01 13:02:00"
"5372";"17";"Сумська обл.";"1";"2023-07-01 14:42:39"
"5362";"5";"Костянтинівка";"0";"2023-07-01 14:44:14"
"5367";"8";"Токмак";"0";"2023-07-01 15:53:35"
"5363";"5";"Костянтинівка";"0";"2023-07-01 16:20:01"
"5373";"17";"Сумська обл.";"1";"2023-07-01 17:26:26"
"5374";"17";"Сумська обл.";"1";"2023-07-01 18:30:36"
"5364";"5";"Костянтинівка";"0";"2023-07-01 18:47:38"
"5368";"8";"Мелітополь";"0";"2023-07-01 19:27:17"
"5365";"5";"Донецька обл.";"1";"2023-07-01 21:55:20"
"5366";"5";"Костянтинівка";"0";"2023-07-01 23:34:53"
"5375";"5";"Костянтинівка";"0";"2023-07-02 00:01:42"
"5376";"5";"Краматорськ";"0";"2023-07-02 01:07:12"
"5383";"8";"Запоріжжя";"0";"2023-07-02 01:33:14"
"5384";"9";"Київ";"0";"2023-07-02 02:46:58"
"5377";"5";"Донецька обл.";"1";"2023-07-02 15:07:26"
"5378";"5";"Донецьк";"0";"2023-07-02 18:33:34"
"5379";"5";"Донецька обл.";"1";"2023-07-02 18:35:47"
"5380";"5";"Краматорськ";"0";"2023-07-02 19:27:27"
"5381";"5";"Костянтинівка";"0";"2023-07-02 19:33:19"
"5382";"5";"Донецька обл.";"1";"2023-07-02 21:27:49"
"5392";"13";"Миколаївська обл.";"1";"2023-07-03 00:48:01"
"5385";"4";"Дніпропетровська обл.";"1";"2023-07-03 00:48:07"
"5407";"20";"Херсон";"0";"2023-07-03 01:11:22"
"5393";"13";"Миколаївська обл.";"1";"2023-07-03 01:27:14"
"5386";"5";"Костянтинівка";"0";"2023-07-03 01:30:46"
"5390";"8";"Запоріжжя";"0";"2023-07-03 01:55:47"
"5391";"10";"Кіровоградська обл.";"1";"2023-07-03 02:17:24"
"5413";"21";"Хмельницька обл.";"1";"2023-07-03 04:30:21"
"5394";"17";"Сумська обл.";"1";"2023-07-03 10:42:01"
"5395";"17";"Суми";"0";"2023-07-03 10:52:53"
"5387";"5";"Костянтинівка";"0";"2023-07-03 11:36:37"
"5396";"17";"Сумська обл.";"1";"2023-07-03 13:14:08"
"5397";"17";"Сумська обл.";"1";"2023-07-03 13:57:32"
"5398";"17";"Сумська обл.";"1";"2023-07-03 14:33:46"
"5408";"20";"Херсон";"0";"2023-07-03 15:06:42"
"5399";"17";"Сумська обл.";"1";"2023-07-03 15:30:00"
"5400";"17";"Сумська обл.";"1";"2023-07-03 15:30:49"
"5401";"17";"Сумська обл.";"1";"2023-07-03 16:07:03"
"5402";"17";"Сумська обл.";"1";"2023-07-03 16:48:51"
"5403";"17";"Сумська обл.";"1";"2023-07-03 17:12:02"
"5388";"5";"Маріуполь";"0";"2023-07-03 17:17:18"
"5404";"17";"Сумська обл.";"1";"2023-07-03 18:03:36"
"5405";"17";"Сумська обл.";"1";"2023-07-03 18:39:20"
"5406";"17";"Сумська обл.";"1";"2023-07-03 21:40:00"
"5409";"20";"Скадовськ";"0";"2023-07-03 21:41:45"
"5410";"20";"Херсонська обл.";"1";"2023-07-03 22:07:28"
"5411";"20";"Херсонська обл.";"1";"2023-07-03 22:12:33"
"5389";"5";"Костянтинівка";"0";"2023-07-03 23:21:14"
"5412";"20";"Херсон";"0";"2023-07-03 23:55:12"
"5423";"17";"Сумська обл.";"1";"2023-07-04 09:14:51"
"5424";"17";"Сумська обл.";"1";"2023-07-04 11:34:23"
"5425";"17";"Сумська обл.";"1";"2023-07-04 12:15:17"
"5414";"5";"Костянтинівка";"0";"2023-07-04 12:41:29"
"5426";"17";"Сумська обл.";"1";"2023-07-04 13:01:34"
"5422";"8";"Токмак";"0";"2023-07-04 13:18:31"
"5427";"17";"Сумська обл.";"1";"2023-07-04 13:20:52"
"5433";"19";"Первомайський";"0";"2023-07-04 13:38:31"
"5415";"5";"Дружківка";"0";"2023-07-04 14:27:49"
"5435";"20";"Херсон";"0";"2023-07-04 14:29:03"
"5436";"20";"Херсонська обл.";"1";"2023-07-04 14:39:48"
"5434";"19";"Харківська обл.";"1";"2023-07-04 14:47:43"
"5428";"17";"Сумська обл.";"1";"2023-07-04 16:43:52"
"5416";"5";"Костянтинівка";"0";"2023-07-04 17:44:21"
"5429";"17";"Сумська обл.";"1";"2023-07-04 18:52:14"
"5437";"20";"Херсон";"0";"2023-07-04 19:50:54"
"5430";"17";"Сумська обл.";"1";"2023-07-04 20:32:18"
"5438";"20";"Херсонська обл.";"1";"2023-07-04 20:37:58"
"5417";"5";"Костянтинівка";"0";"2023-07-04 20:42:29"
"5431";"17";"Сумська обл.";"1";"2023-07-04 21:11:34"
"5418";"5";"Донецьк";"0";"2023-07-04 21:34:41"
"5419";"5";"Горлівка";"0";"2023-07-04 21:40:14"
"5420";"5";"Макіївка";"0";"2023-07-04 21:41:27"
"5439";"20";"Чаплинка";"0";"2023-07-04 22:28:21"
"5432";"17";"Сумська обл.";"1";"2023-07-04 22:50:06"
"5440";"20";"Херсон";"0";"2023-07-04 23:29:02"
"5421";"5";"Донецька обл.";"1";"2023-07-04 23:55:10"
"5443";"5";"Донецька обл.";"1";"2023-07-05 00:44:42"
"5441";"4";"Дніпропетровська обл.";"1";"2023-07-05 00:54:34"
"5444";"5";"Костянтинівка";"0";"2023-07-05 01:22:08"
"5467";"19";"Харківська обл.";"1";"2023-07-05 01:33:56"
"5468";"20";"Херсон";"0";"2023-07-05 05:26:59"
"5469";"20";"Херсон";"0";"2023-07-05 07:27:40"
"5445";"5";"Костянтинівка";"0";"2023-07-05 08:31:40"
"5455";"17";"Сумська обл.";"1";"2023-07-05 09:35:31"
"5456";"17";"Сумська обл.";"1";"2023-07-05 10:07:37"
"5457";"17";"Сумська обл.";"1";"2023-07-05 11:19:14"
"5458";"17";"Сумська обл.";"1";"2023-07-05 11:49:10"
"5446";"5";"Донецька обл.";"1";"2023-07-05 11:55:08"
"5447";"5";"Донецька обл.";"1";"2023-07-05 12:34:54"
"5470";"20";"Херсон";"0";"2023-07-05 13:08:29"
"5459";"17";"Сумська обл.";"1";"2023-07-05 13:12:03"
"5452";"8";"Токмак";"0";"2023-07-05 13:33:47"
"5471";"20";"Херсон";"0";"2023-07-05 14:20:18"
"5448";"5";"Костянтинівка";"0";"2023-07-05 14:36:48"
"5472";"20";"Скадовськ";"0";"2023-07-05 15:04:30"
"5460";"17";"Сумська обл.";"1";"2023-07-05 15:25:51"
"5461";"17";"Сумська обл.";"1";"2023-07-05 15:45:39"
"5462";"17";"Сумська обл.";"1";"2023-07-05 16:07:52"
"5453";"8";"Бердянськ";"0";"2023-07-05 16:32:08"
"5473";"20";"Херсон";"0";"2023-07-05 17:11:06"
"5463";"17";"Сумська обл.";"1";"2023-07-05 17:20:28"
"5454";"8";"Токмак";"0";"2023-07-05 17:50:48"
"5464";"17";"Сумська обл.";"1";"2023-07-05 18:19:32"
"5449";"5";"Донецька обл.";"1";"2023-07-05 19:33:27"
"5465";"17";"Сумська обл.";"1";"2023-07-05 19:48:30"
"5450";"5";"Донецька обл.";"1";"2023-07-05 20:38:31"
"5474";"20";"Херсонська обл.";"1";"2023-07-05 20:41:31"
"5466";"17";"Сумська обл.";"1";"2023-07-05 20:59:38"
"5451";"5";"Макіївка";"0";"2023-07-05 21:15:06"
"5442";"4";"Дніпро";"0";"2023-07-05 21:59:06"
"5475";"20";"Херсон";"0";"2023-07-05 22:17:59"
"5476";"4";"Дніпропетровська обл.";"1";"2023-07-06 00:56:07"
"5497";"22";"Черкаська обл.";"1";"2023-07-06 02:20:15"
"5485";"12";"Львівська обл.";"1";"2023-07-06 02:30:48"
"5490";"18";"Тернопільська обл.";"1";"2023-07-06 02:30:48"
"5486";"12";"Львів";"0";"2023-07-06 02:33:33"
"5487";"12";"Львів";"0";"2023-07-06 03:06:53"
"5479";"5";"Костянтинівка";"0";"2023-07-06 09:29:37"
"5488";"17";"Сумська обл.";"1";"2023-07-06 11:00:31"
"5489";"17";"Сумська обл.";"1";"2023-07-06 11:44:49"
"5480";"5";"Донецька обл.";"1";"2023-07-06 11:45:25"
"5491";"20";"Херсонська обл.";"1";"2023-07-06 12:41:45"
"5481";"5";"Волноваха";"0";"2023-07-06 14:41:44"
"5492";"20";"Херсон";"0";"2023-07-06 15:34:31"
"5482";"5";"Макіївка";"0";"2023-07-06 15:41:22"
"5483";"5";"Донецьк";"0";"2023-07-06 17:47:14"
"5493";"20";"Херсон";"0";"2023-07-06 20:38:32"
"5494";"20";"Херсон";"0";"2023-07-06 21:52:46"
"5477";"4";"Дніпропетровська обл.";"1";"2023-07-06 22:45:54"
"5484";"5";"Волноваха";"0";"2023-07-06 22:54:00"
"5478";"4";"Дніпро";"0";"2023-07-06 23:04:10"
"5495";"20";"Херсонська обл.";"1";"2023-07-06 23:04:46"
"5496";"20";"Херсон";"0";"2023-07-06 23:20:09"
"5506";"9";"Київська обл.";"1";"2023-07-07 01:53:31"
"5498";"4";"Кривий Ріг";"0";"2023-07-07 03:07:20"
"5507";"17";"Сумська обл.";"1";"2023-07-07 09:19:02"
"5518";"20";"Херсонська обл.";"1";"2023-07-07 09:53:26"
"5519";"20";"Нова Каховка";"0";"2023-07-07 10:03:37"
"5499";"5";"Костянтинівка";"0";"2023-07-07 10:28:42"
"5508";"17";"Сумська обл.";"1";"2023-07-07 11:06:07"
"5509";"17";"Білопілля";"0";"2023-07-07 11:22:36"
"5510";"17";"Сумська обл.";"1";"2023-07-07 11:43:31"
"5505";"8";"Запорізька обл.";"1";"2023-07-07 12:05:37"
"5500";"5";"Донецька обл.";"1";"2023-07-07 13:55:03"
"5501";"5";"Слов'янськ";"0";"2023-07-07 14:04:50"
"5502";"5";"Костянтинівка";"0";"2023-07-07 14:05:14"
"5511";"17";"Сумська обл.";"1";"2023-07-07 14:12:37"
"5520";"20";"Херсонська обл.";"1";"2023-07-07 15:41:27"
"5512";"17";"Сумська обл.";"1";"2023-07-07 15:46:05"
"5517";"19";"Харківська обл.";"1";"2023-07-07 17:48:29"
"5513";"17";"Сумська обл.";"1";"2023-07-07 18:24:49"
"5514";"17";"Сумська обл.";"1";"2023-07-07 18:40:07"
"5515";"17";"Сумська обл.";"1";"2023-07-07 20:14:33"
"5503";"5";"Костянтинівка";"0";"2023-07-07 20:16:56"
"5521";"20";"Херсон";"0";"2023-07-07 20:32:33"
"5522";"20";"Херсон";"0";"2023-07-07 22:32:49"
"5504";"5";"Костянтинівка";"0";"2023-07-07 22:46:58"
"5523";"20";"Нова Каховка";"0";"2023-07-07 23:34:25"
"5516";"17";"Сумська обл.";"1";"2023-07-07 23:49:02"
"5538";"20";"Херсон";"0";"2023-07-08 00:13:45"
"5539";"20";"Херсон";"0";"2023-07-08 01:27:29"
"5524";"4";"Дніпропетровська обл.";"1";"2023-07-08 01:32:30"
"5526";"5";"Донецька обл.";"1";"2023-07-08 01:34:09"
"5540";"20";"Херсон";"0";"2023-07-08 01:59:36"
"5525";"4";"Кривий Ріг";"0";"2023-07-08 02:11:49"
"5534";"8";"Запорізька обл.";"1";"2023-07-08 04:15:40"
"5535";"10";"Кропивницький";"0";"2023-07-08 04:46:32"
"5536";"17";"Сумська обл.";"1";"2023-07-08 09:43:31"
"5541";"20";"Херсонська обл.";"1";"2023-07-08 12:32:52"
"5537";"17";"Сумська обл.";"1";"2023-07-08 14:00:43"
"5542";"20";"Херсон";"0";"2023-07-08 14:10:14"
"5527";"5";"Лиман";"0";"2023-07-08 14:23:51"
"5543";"20";"Херсонська обл.";"1";"2023-07-08 15:07:59"
"5528";"5";"Костянтинівка";"0";"2023-07-08 15:12:02"
"5529";"5";"Костянтинівка";"0";"2023-07-08 16:07:46"
"5530";"5";"Костянтинівка";"0";"2023-07-08 17:11:40"
"5531";"5";"Костянтинівка";"0";"2023-07-08 18:57:08"
"5532";"5";"Костянтинівка";"0";"2023-07-08 19:57:06"
"5533";"5";"Костянтинівка";"0";"2023-07-08 22:08:32"
"5553";"17";"Сумська обл.";"1";"2023-07-09 00:54:32"
"5544";"5";"Донецька обл.";"1";"2023-07-09 00:57:30"
"5559";"20";"Херсон";"0";"2023-07-09 01:19:08"
"5560";"20";"Херсон";"0";"2023-07-09 03:05:01"
"5554";"17";"Сумська обл.";"1";"2023-07-09 09:46:20"
"5561";"20";"Херсонська обл.";"1";"2023-07-09 10:14:17"
"5550";"8";"Запорізька обл.";"1";"2023-07-09 10:44:26"
"5562";"20";"Херсонська обл.";"1";"2023-07-09 11:48:55"
"5555";"17";"Сумська обл.";"1";"2023-07-09 12:00:26"
"5552";"11";"Луганська обл.";"1";"2023-07-09 12:29:00"
"5563";"20";"Херсонська обл.";"1";"2023-07-09 13:29:10"
"5545";"5";"Костянтинівка";"0";"2023-07-09 13:30:09"
"5551";"8";"Бердянськ";"0";"2023-07-09 15:37:52"
"5556";"17";"Сумська обл.";"1";"2023-07-09 17:50:07"
"5546";"5";"Костянтинівка";"0";"2023-07-09 19:17:29"
"5564";"20";"Херсон";"0";"2023-07-09 19:50:25"
"5547";"5";"Костянтинівка";"0";"2023-07-09 20:32:58"
"5557";"17";"Сумська обл.";"1";"2023-07-09 20:38:09"
"5565";"20";"Херсон";"0";"2023-07-09 21:11:40"
"5558";"17";"Сумська обл.";"1";"2023-07-09 21:27:03"
"5548";"5";"Костянтинівка";"0";"2023-07-09 21:49:44"
"5566";"20";"Херсонська обл.";"1";"2023-07-09 22:49:49"
"5549";"5";"Костянтинівка";"0";"2023-07-09 23:14:08"
"5567";"5";"Донецька обл.";"1";"2023-07-10 00:37:27"
"5573";"13";"Миколаїв";"0";"2023-07-10 01:02:11"
"5568";"5";"Краматорськ";"0";"2023-07-10 01:10:50"
"5569";"5";"Костянтинівка";"0";"2023-07-10 01:16:19"
"5570";"5";"Костянтинівка";"0";"2023-07-10 16:28:01"
"5571";"5";"Костянтинівка";"0";"2023-07-10 19:45:00"
"5572";"8";"Токмак";"0";"2023-07-10 23:57:44"
"5590";"20";"Херсон";"0";"2023-07-11 01:25:12"
"5583";"17";"Сумська обл.";"1";"2023-07-11 02:17:41"
"5581";"14";"Одеська обл.";"1";"2023-07-11 02:51:54"
"5591";"20";"Генічеськ";"0";"2023-07-11 03:08:02"
"5596";"22";"Черкаська обл.";"1";"2023-07-11 03:10:14"
"5582";"14";"Чорноморськ";"0";"2023-07-11 03:30:29"
"5577";"8";"Бердянськ";"0";"2023-07-11 03:34:28"
"5580";"9";"Київ";"0";"2023-07-11 04:43:47"
"5574";"5";"Костянтинівка";"0";"2023-07-11 08:38:55"
"5584";"17";"Сумська обл.";"1";"2023-07-11 10:49:39"
"5592";"20";"Херсон";"0";"2023-07-11 13:21:09"
"5585";"17";"Сумська обл.";"1";"2023-07-11 13:31:43"
"5593";"20";"Херсон";"0";"2023-07-11 14:20:34"
"5578";"8";"Бердянськ";"0";"2023-07-11 14:32:05"
"5575";"5";"Костянтинівка";"0";"2023-07-11 15:55:03"
"5586";"17";"Сумська обл.";"1";"2023-07-11 16:26:03"
"5579";"8";"Бердянськ";"0";"2023-07-11 16:32:57"
"5594";"20";"Скадовськ";"0";"2023-07-11 16:53:09"
"5587";"17";"Сумська обл.";"1";"2023-07-11 17:53:46"
"5588";"17";"Сумська обл.";"1";"2023-07-11 18:14:02"
"5576";"5";"Костянтинівка";"0";"2023-07-11 19:24:04"
"5589";"19";"Харківська обл.";"1";"2023-07-11 20:20:07"
"5595";"20";"Херсон";"0";"2023-07-11 23:19:46"
"5597";"5";"Костянтинівка";"0";"2023-07-12 00:04:46"
"5602";"9";"Київська обл.";"1";"2023-07-12 01:49:20"
"5610";"20";"Херсон";"0";"2023-07-12 02:08:19"
"5598";"5";"Костянтинівка";"0";"2023-07-12 02:31:50"
"5614";"22";"Черкаська обл.";"1";"2023-07-12 03:13:00"
"5603";"17";"Сумська обл.";"1";"2023-07-12 09:04:20"
"5604";"17";"Сумська обл.";"1";"2023-07-12 10:24:54"
"5605";"17";"Сумська обл.";"1";"2023-07-12 10:35:40"
"5600";"8";"Токмак";"0";"2023-07-12 10:50:35"
"5606";"17";"Сумська обл.";"1";"2023-07-12 12:02:14"
"5601";"8";"Запоріжжя";"0";"2023-07-12 12:47:54"
"5607";"17";"Сумська обл.";"1";"2023-07-12 13:58:38"
"5611";"20";"Херсонська обл.";"1";"2023-07-12 14:02:07"
"5608";"17";"Сумська обл.";"1";"2023-07-12 14:28:51"
"5612";"20";"Херсон";"0";"2023-07-12 15:16:04"
"5599";"5";"Костянтинівка";"0";"2023-07-12 15:54:11"
"5609";"17";"Середина-Буда";"0";"2023-07-12 21:17:47"
"5613";"20";"Херсон";"0";"2023-07-12 23:27:09"
"5630";"17";"Сумська обл.";"1";"2023-07-13 00:07:51"
"5647";"21";"Хмельницький";"0";"2023-07-13 01:15:28"
"5628";"13";"Очаків";"0";"2023-07-13 01:22:24"
"5625";"9";"Київ";"0";"2023-07-13 01:26:13"
"5629";"15";"Полтавська обл.";"1";"2023-07-13 01:32:21"
"5626";"9";"Київ";"0";"2023-07-13 01:35:27"
"5621";"8";"Запоріжжя";"0";"2023-07-13 01:53:24"
"5638";"20";"Херсон";"0";"2023-07-13 01:56:32"
"5627";"10";"Кропивницький";"0";"2023-07-13 02:21:30"
"5631";"17";"Сумська обл.";"1";"2023-07-13 08:42:42"
"5615";"5";"Костянтинівка";"0";"2023-07-13 09:04:57"
"5632";"17";"Сумська обл.";"1";"2023-07-13 09:07:19"
"5639";"20";"Херсон";"0";"2023-07-13 09:37:35"
"5633";"17";"Сумська обл.";"1";"2023-07-13 09:45:37"
"5640";"20";"Херсонська обл.";"1";"2023-07-13 10:34:50"
"5616";"5";"Донецька обл.";"1";"2023-07-13 10:55:00"
"5641";"20";"Херсон";"0";"2023-07-13 12:32:48"
"5642";"20";"Херсон";"0";"2023-07-13 14:31:12"
"5617";"5";"Донецьк";"0";"2023-07-13 14:56:03"
"5634";"17";"Сумська обл.";"1";"2023-07-13 15:36:54"
"5622";"8";"Запоріжжя";"0";"2023-07-13 15:37:04"
"5623";"8";"Мелітополь";"0";"2023-07-13 17:39:05"
"5624";"8";"Запоріжжя";"0";"2023-07-13 17:41:15"
"5643";"20";"Херсон";"0";"2023-07-13 17:47:44"
"5618";"5";"Костянтинівка";"0";"2023-07-13 18:01:33"
"5635";"17";"Велика Писарівка";"0";"2023-07-13 18:11:57"
"5644";"20";"Херсонська обл.";"1";"2023-07-13 18:16:55"
"5636";"17";"Сумська обл.";"1";"2023-07-13 18:33:01"
"5645";"20";"Херсонська обл.";"1";"2023-07-13 20:47:38"
"5619";"5";"Волноваха";"0";"2023-07-13 21:41:09"
"5646";"20";"Херсон";"0";"2023-07-13 21:41:22"
"5637";"19";"Куп'янськ";"0";"2023-07-13 22:49:00"
"5620";"5";"Костянтинівка";"0";"2023-07-13 23:46:41"
"5648";"4";"Кривий Ріг";"0";"2023-07-14 01:53:19"
"5654";"14";"Одеська обл.";"1";"2023-07-14 02:00:18"
"5649";"4";"Кривий Ріг";"0";"2023-07-14 02:24:48"
"5658";"20";"Херсон";"0";"2023-07-14 05:14:39"
"5655";"17";"Сумська обл.";"1";"2023-07-14 09:26:49"
"5656";"17";"Сумська обл.";"1";"2023-07-14 10:42:41"
"5651";"5";"Краматорськ";"0";"2023-07-14 12:56:56"
"5657";"17";"Сумська обл.";"1";"2023-07-14 13:44:27"
"5652";"5";"Донецька обл.";"1";"2023-07-14 17:05:47"
"5659";"20";"Херсон";"0";"2023-07-14 18:54:24"
"5650";"4";"Кривий Ріг";"0";"2023-07-14 20:42:05"
"5660";"20";"Херсонська обл.";"1";"2023-07-14 21:30:59"
"5661";"20";"Херсон";"0";"2023-07-14 22:42:12"
"5653";"13";"Миколаївська обл.";"1";"2023-07-14 23:47:05"
"5675";"20";"Херсон";"0";"2023-07-15 00:18:07"
"5666";"8";"Запоріжжя";"0";"2023-07-15 01:25:59"
"5668";"17";"Сумська обл.";"1";"2023-07-15 09:50:26"
"5669";"17";"Сумська обл.";"1";"2023-07-15 12:14:13"
"5670";"17";"Сумська обл.";"1";"2023-07-15 16:14:03"
"5662";"5";"Слов'янськ";"0";"2023-07-15 16:54:21"
"5663";"5";"Слов'янськ";"0";"2023-07-15 18:04:45"
"5673";"19";"Харківська обл.";"1";"2023-07-15 18:34:44"
"5676";"20";"Херсонська обл.";"1";"2023-07-15 18:35:29"
"5674";"19";"Харківська обл.";"1";"2023-07-15 19:05:15"
"5664";"5";"Костянтинівка";"0";"2023-07-15 19:17:06"
"5671";"17";"Миропілля";"0";"2023-07-15 19:47:28"
"5665";"5";"Костянтинівка";"0";"2023-07-15 20:47:58"
"5667";"8";"Запоріжжя";"0";"2023-07-15 22:12:54"
"5672";"17";"Суми";"0";"2023-07-15 23:15:09"
"5677";"5";"Краматорськ";"0";"2023-07-16 00:15:00"
"5694";"19";"Харків";"0";"2023-07-16 01:31:20"
"5687";"17";"Сумська обл.";"1";"2023-07-16 01:50:30"
"5701";"20";"Херсонська обл.";"1";"2023-07-16 09:35:58"
"5685";"8";"Бердянськ";"0";"2023-07-16 10:04:08"
"5686";"11";"Луганськ";"0";"2023-07-16 10:09:21"
"5678";"5";"Маріуполь";"0";"2023-07-16 10:46:54"
"5688";"17";"Сумська обл.";"1";"2023-07-16 11:30:24"
"5689";"17";"Сумська обл.";"1";"2023-07-16 11:54:36"
"5690";"17";"Сумська обл.";"1";"2023-07-16 12:25:14"
"5695";"19";"Куп'янськ";"0";"2023-07-16 12:27:31"
"5691";"17";"Сумська обл.";"1";"2023-07-16 12:53:44"
"5679";"5";"Донецька обл.";"1";"2023-07-16 13:04:46"
"5680";"5";"Донецька обл.";"1";"2023-07-16 15:31:23"
"5681";"5";"Костянтинівка";"0";"2023-07-16 16:09:00"
"5692";"17";"Сумська обл.";"1";"2023-07-16 17:42:03"
"5693";"17";"Сумська обл.";"1";"2023-07-16 18:10:47"
"5696";"19";"Харківська обл.";"1";"2023-07-16 18:34:20"
"5697";"19";"Харків";"0";"2023-07-16 18:52:02"
"5682";"5";"Костянтинівка";"0";"2023-07-16 19:15:02"
"5698";"19";"Харківська обл.";"1";"2023-07-16 19:29:42"
"5683";"5";"Костянтинівка";"0";"2023-07-16 21:00:40"
"5699";"19";"Харківська обл.";"1";"2023-07-16 21:38:31"
"5702";"20";"Херсонська обл.";"1";"2023-07-16 21:39:18"
"5700";"19";"Харків";"0";"2023-07-16 22:08:22"
"5703";"20";"Херсон";"0";"2023-07-16 22:41:46"
"5704";"20";"Херсон";"0";"2023-07-16 23:17:46"
"5684";"5";"Курахове";"0";"2023-07-16 23:47:44"
"5714";"8";"Запорізька обл.";"1";"2023-07-17 00:15:47"
"5723";"20";"Херсон";"0";"2023-07-17 00:16:57"
"5705";"5";"Краматорськ";"0";"2023-07-17 00:55:18"
"5724";"20";"Херсон";"0";"2023-07-17 05:09:20"
"5722";"19";"Вовчанськ";"0";"2023-07-17 07:29:46"
"5715";"17";"Сумська обл.";"1";"2023-07-17 09:07:58"
"5706";"5";"Костянтинівка";"0";"2023-07-17 09:15:34"
"5707";"5";"Костянтинівка";"0";"2023-07-17 10:50:03"
"5708";"5";"Краматорськ";"0";"2023-07-17 11:07:22"
"5716";"17";"Сумська обл.";"1";"2023-07-17 11:57:57"
"5717";"17";"Сумська обл.";"1";"2023-07-17 12:36:33"
"5709";"5";"Костянтинівка";"0";"2023-07-17 12:50:16"
"5710";"5";"Донецька обл.";"1";"2023-07-17 13:51:50"
"5711";"5";"Костянтинівка";"0";"2023-07-17 14:03:21"
"5718";"17";"Сумська обл.";"1";"2023-07-17 15:22:04"
"5712";"5";"Донецька обл.";"1";"2023-07-17 17:09:44"
"5719";"17";"Сумська обл.";"1";"2023-07-17 17:59:49"
"5720";"17";"Сумська обл.";"1";"2023-07-17 18:03:10"
"5721";"17";"Сумська обл.";"1";"2023-07-17 20:04:42"
"5713";"5";"Костянтинівка";"0";"2023-07-17 22:10:57"
"5725";"20";"Херсон";"0";"2023-07-17 22:40:38"
"5726";"20";"Херсон";"0";"2023-07-17 23:10:07"
"5727";"20";"Берислав";"0";"2023-07-17 23:16:47"
"5728";"5";"Костянтинівка";"0";"2023-07-18 00:10:17"
"5744";"20";"Херсон";"0";"2023-07-18 00:13:50"
"5735";"13";"Миколаїв";"0";"2023-07-18 01:57:44"
"5736";"14";"Одеська обл.";"1";"2023-07-18 02:01:41"
"5737";"14";"Одеса";"0";"2023-07-18 02:06:56"
"5738";"14";"Одеса";"0";"2023-07-18 02:31:27"
"5739";"14";"Одеса";"0";"2023-07-18 03:07:04"
"5743";"19";"Харківська обл.";"1";"2023-07-18 03:35:44"
"5729";"5";"Костянтинівка";"0";"2023-07-18 03:49:31"
"5740";"14";"Одеса";"0";"2023-07-18 04:00:52"
"5733";"8";"Мелітополь";"0";"2023-07-18 12:01:49"
"5741";"17";"Сумська обл.";"1";"2023-07-18 12:07:31"
"5730";"5";"Костянтинівка";"0";"2023-07-18 12:53:58"
"5731";"5";"Костянтинівка";"0";"2023-07-18 14:14:55"
"5732";"5";"Костянтинівка";"0";"2023-07-18 17:50:18"
"5734";"8";"Токмак";"0";"2023-07-18 19:22:38"
"5745";"20";"Херсон";"0";"2023-07-18 20:06:54"
"5742";"17";"Сумська обл.";"1";"2023-07-18 22:12:33"
"5746";"20";"Херсон";"0";"2023-07-18 22:38:48"
"5747";"4";"Дніпропетровська обл.";"1";"2023-07-19 00:33:18"
"5754";"8";"Запоріжжя";"0";"2023-07-19 00:49:57"
"5759";"14";"Одеса";"0";"2023-07-19 01:06:31"
"5767";"20";"Херсон";"0";"2023-07-19 01:16:06"
"5766";"19";"Харків";"0";"2023-07-19 01:28:28"
"5758";"13";"Очаків";"0";"2023-07-19 01:58:46"
"5760";"14";"Одеса";"0";"2023-07-19 02:01:55"
"5755";"8";"Запоріжжя";"0";"2023-07-19 02:06:48"
"5761";"14";"Одеса";"0";"2023-07-19 02:13:37"
"5763";"17";"Сумська обл.";"1";"2023-07-19 03:06:03"
"5762";"14";"Одеса";"0";"2023-07-19 04:24:57"
"5768";"20";"Херсон";"0";"2023-07-19 04:49:22"
"5756";"9";"Київ";"0";"2023-07-19 05:02:17"
"5753";"6";"Житомирська обл.";"1";"2023-07-19 05:41:28"
"5757";"10";"Кропивницький";"0";"2023-07-19 06:59:11"
"5764";"17";"Сумська обл.";"1";"2023-07-19 11:11:45"
"5769";"20";"Херсонська обл.";"1";"2023-07-19 11:25:00"
"5748";"5";"Донецька обл.";"1";"2023-07-19 13:34:26"
"5765";"17";"Сумська обл.";"1";"2023-07-19 13:39:05"
"5749";"5";"Костянтинівка";"0";"2023-07-19 15:22:34"
"5770";"20";"Херсонська обл.";"1";"2023-07-19 16:01:33"
"5750";"5";"Костянтинівка";"0";"2023-07-19 16:49:18"
"5751";"5";"Курахове";"0";"2023-07-19 17:57:16"
"5752";"5";"Костянтинівка";"0";"2023-07-19 19:31:20"
"5778";"17";"Суми";"0";"2023-07-20 01:26:59"
"5784";"20";"Херсон";"0";"2023-07-20 01:51:57"
"5775";"14";"Одеса";"0";"2023-07-20 02:09:24"
"5773";"8";"Запорізька обл.";"1";"2023-07-20 02:15:19"
"5776";"14";"Одеса";"0";"2023-07-20 02:51:28"
"5774";"13";"Миколаїв";"0";"2023-07-20 03:02:36"
"5777";"14";"Одеса";"0";"2023-07-20 03:14:29"
"5780";"17";"Сумська обл.";"1";"2023-07-20 08:14:47"
"5781";"17";"Сумська обл.";"1";"2023-07-20 11:21:02"
"5782";"17";"Сумська обл.";"1";"2023-07-20 12:50:38"
"5785";"20";"Херсонська обл.";"1";"2023-07-20 13:09:15"
"5783";"17";"Сумська обл.";"1";"2023-07-20 16:43:00"
"5786";"20";"Херсонська обл.";"1";"2023-07-20 17:25:56"
"5771";"5";"Донецька обл.";"1";"2023-07-20 17:50:05"
"5787";"20";"Чаплинка";"0";"2023-07-20 18:22:49"
"5772";"5";"Донецьк";"0";"2023-07-20 18:39:06"
"5795";"20";"Херсон";"0";"2023-07-21 00:05:41"
"5791";"14";"Одеська обл.";"1";"2023-07-21 03:24:37"
"5796";"20";"Херсон";"0";"2023-07-21 05:59:42"
"5792";"14";"Одеська обл.";"1";"2023-07-21 11:03:31"
"5793";"17";"Сумська обл.";"1";"2023-07-21 11:41:05"
"5794";"17";"Сумська обл.";"1";"2023-07-21 12:06:18"
"5788";"5";"Донецька обл.";"1";"2023-07-21 15:40:32"
"5797";"20";"Херсонська обл.";"1";"2023-07-21 18:01:16"
"5790";"8";"Токмак";"0";"2023-07-21 20:58:28"
"5789";"5";"Костянтинівка";"0";"2023-07-21 22:18:29"
"5798";"20";"Херсон";"0";"2023-07-21 22:52:08"
"5799";"5";"Костянтинівка";"0";"2023-07-22 02:10:59"
"5809";"20";"Херсон";"0";"2023-07-22 09:35:54"
"5805";"17";"Сумська обл.";"1";"2023-07-22 09:37:16"
"5806";"17";"Сумська обл.";"1";"2023-07-22 10:52:08"
"5807";"17";"Сумська обл.";"1";"2023-07-22 13:26:33"
"5808";"19";"Харківська обл.";"1";"2023-07-22 13:52:52"
"5800";"5";"Костянтинівка";"0";"2023-07-22 15:55:40"
"5801";"5";"Донецька обл.";"1";"2023-07-22 16:08:07"
"5802";"5";"Костянтинівка";"0";"2023-07-22 17:36:09"
"5810";"20";"Олешки";"0";"2023-07-22 18:05:46"
"5803";"5";"Костянтинівка";"0";"2023-07-22 19:09:13"
"5811";"20";"Херсон";"0";"2023-07-22 20:04:52"
"5812";"20";"Херсонська обл.";"1";"2023-07-22 20:58:04"
"5804";"8";"Токмак";"0";"2023-07-22 22:36:27"
"5817";"14";"Одеса";"0";"2023-07-23 00:57:06"
"5818";"14";"Одеса";"0";"2023-07-23 01:08:07"
"5815";"8";"Запоріжжя";"0";"2023-07-23 02:30:25"
"5816";"8";"Запоріжжя";"0";"2023-07-23 12:09:46"
"5813";"5";"Дружківка";"0";"2023-07-23 15:25:49"
"5814";"5";"Костянтинівка";"0";"2023-07-23 22:20:38"
"5841";"20";"Херсонська обл.";"1";"2023-07-24 00:07:43"
"5824";"8";"Запорізька обл.";"1";"2023-07-24 00:36:15"
"5842";"20";"Херсон";"0";"2023-07-24 01:26:18"
"5827";"14";"Одеська обл.";"1";"2023-07-24 02:39:03"
"5828";"14";"Одеська обл.";"1";"2023-07-24 03:06:21"
"5829";"17";"Сумська обл.";"1";"2023-07-24 10:25:21"
"5830";"17";"Сумська обл.";"1";"2023-07-24 11:04:08"
"5831";"17";"Сумська обл.";"1";"2023-07-24 11:51:56"
"5832";"17";"Сумська обл.";"1";"2023-07-24 12:00:41"
"5843";"20";"Херсонська обл.";"1";"2023-07-24 12:07:00"
"5833";"17";"Сумська обл.";"1";"2023-07-24 12:09:42"
"5834";"17";"Сумська обл.";"1";"2023-07-24 13:33:50"
"5844";"20";"Херсон";"0";"2023-07-24 13:41:54"
"5835";"17";"Сумська обл.";"1";"2023-07-24 14:04:49"
"5836";"17";"Суми";"0";"2023-07-24 14:39:03"
"5837";"17";"Сумська обл.";"1";"2023-07-24 14:45:34"
"5825";"8";"Токмак";"0";"2023-07-24 15:04:16"
"5840";"19";"Харківська обл.";"1";"2023-07-24 15:09:54"
"5838";"17";"Сумська обл.";"1";"2023-07-24 15:18:06"
"5819";"5";"Костянтинівка";"0";"2023-07-24 16:38:26"
"5820";"5";"Костянтинівка";"0";"2023-07-24 18:17:54"
"5839";"17";"Сумська обл.";"1";"2023-07-24 19:02:44"
"5821";"5";"Костянтинівка";"0";"2023-07-24 19:07:41"
"5822";"5";"Краматорськ";"0";"2023-07-24 23:10:21"
"5823";"5";"Костянтинівка";"0";"2023-07-24 23:11:20"
"5826";"11";"Луганськ";"0";"2023-07-24 23:14:25"
"5851";"17";"Сумська обл.";"1";"2023-07-25 00:39:37"
"5856";"20";"Херсон";"0";"2023-07-25 00:42:25"
"5849";"9";"Київська обл.";"1";"2023-07-25 02:20:03"
"5859";"23";"Чернігівська обл.";"1";"2023-07-25 02:36:27"
"5850";"9";"Київська обл.";"1";"2023-07-25 03:33:25"
"5852";"17";"Сумська обл.";"1";"2023-07-25 10:30:34"
"5845";"5";"Донецька обл.";"1";"2023-07-25 11:39:36"
"5846";"5";"Слов'янськ";"0";"2023-07-25 16:37:40"
"5853";"17";"Сумська обл.";"1";"2023-07-25 16:42:23"
"5847";"5";"Костянтинівка";"0";"2023-07-25 19:07:16"
"5857";"20";"Херсонська обл.";"1";"2023-07-25 19:31:05"
"5858";"20";"Херсон";"0";"2023-07-25 21:07:17"
"5854";"17";"Сумська обл.";"1";"2023-07-25 23:03:55"
"5855";"19";"Харківська обл.";"1";"2023-07-25 23:37:43"
"5848";"5";"Костянтинівка";"0";"2023-07-25 23:47:30"
"5866";"8";"Токмак";"0";"2023-07-26 00:06:29"
"5871";"20";"Нова Каховка";"0";"2023-07-26 00:19:02"
"5861";"5";"Костянтинівка";"0";"2023-07-26 08:54:44"
"5862";"5";"Донецька обл.";"1";"2023-07-26 09:52:51"
"5864";"6";"Житомирська обл.";"1";"2023-07-26 13:58:22"
"5860";"3";"Вінницька обл.";"1";"2023-07-26 14:12:15"
"5863";"5";"Костянтинівка";"0";"2023-07-26 14:36:45"
"5868";"17";"Сумська обл.";"1";"2023-07-26 15:38:48"
"5872";"20";"Херсонська обл.";"1";"2023-07-26 18:09:17"
"5867";"8";"Токмак";"0";"2023-07-26 18:20:47"
"5875";"21";"Хмельницький";"0";"2023-07-26 19:02:44"
"5869";"17";"Сумська обл.";"1";"2023-07-26 19:35:22"
"5865";"6";"Житомирська обл.";"1";"2023-07-26 19:36:34"
"5873";"20";"Херсон";"0";"2023-07-26 21:51:05"
"5870";"17";"Сумська обл.";"1";"2023-07-26 22:12:25"
"5874";"20";"Херсон";"0";"2023-07-26 22:54:50"
"5893";"19";"Харківська обл.";"1";"2023-07-27 00:07:27"
"5896";"20";"Херсон";"0";"2023-07-27 01:32:16"
"5876";"5";"Костянтинівка";"0";"2023-07-27 01:52:30"
"5899";"21";"Хмельницька обл.";"1";"2023-07-27 03:08:57"
"5877";"5";"Костянтинівка";"0";"2023-07-27 08:44:54"
"5883";"17";"Сумська обл.";"1";"2023-07-27 10:36:58"
"5884";"17";"Сумська обл.";"1";"2023-07-27 12:26:26"
"5878";"5";"Донецька обл.";"1";"2023-07-27 13:02:33"
"5885";"17";"Сумська обл.";"1";"2023-07-27 13:29:01"
"5886";"17";"Сумська обл.";"1";"2023-07-27 13:36:39"
"5887";"17";"Сумська обл.";"1";"2023-07-27 14:17:53"
"5888";"17";"Сумська обл.";"1";"2023-07-27 14:49:50"
"5889";"17";"Сумська обл.";"1";"2023-07-27 16:18:08"
"5890";"17";"Сумська обл.";"1";"2023-07-27 16:48:47"
"5879";"5";"Костянтинівка";"0";"2023-07-27 17:50:38"
"5882";"8";"Запоріжжя";"0";"2023-07-27 18:20:36"
"5891";"17";"Сумська обл.";"1";"2023-07-27 18:23:49"
"5897";"20";"Херсон";"0";"2023-07-27 19:10:30"
"5898";"20";"Херсонська обл.";"1";"2023-07-27 19:37:22"
"5880";"5";"Костянтинівка";"0";"2023-07-27 19:39:05"
"5892";"17";"Сумська обл.";"1";"2023-07-27 19:57:24"
"5894";"19";"Харківська обл.";"1";"2023-07-27 20:14:15"
"5895";"19";"Харківська обл.";"1";"2023-07-27 20:57:43"
"5881";"5";"Костянтинівка";"0";"2023-07-27 23:35:23"
"5905";"17";"Сумська обл.";"1";"2023-07-28 11:48:57"
"5902";"5";"Костянтинівка";"0";"2023-07-28 12:17:48"
"5903";"5";"Донецька обл.";"1";"2023-07-28 17:24:23"
"5906";"17";"Сумська обл.";"1";"2023-07-28 18:14:37"
"5900";"4";"Дніпро";"0";"2023-07-28 20:34:32"
"5904";"8";"Запоріжжя";"0";"2023-07-28 20:35:29"
"5901";"4";"Дніпро";"0";"2023-07-28 21:05:36"
"5925";"20";"Херсонська обл.";"1";"2023-07-29 00:01:01"
"5926";"20";"Херсон";"0";"2023-07-29 00:03:41"
"5927";"20";"Каховка";"0";"2023-07-29 00:13:43"
"5928";"20";"Херсон";"0";"2023-07-29 01:08:07"
"5912";"17";"Сумська обл.";"1";"2023-07-29 10:18:31"
"5913";"17";"Сумська обл.";"1";"2023-07-29 11:59:35"
"5914";"17";"Сумська обл.";"1";"2023-07-29 13:06:43"
"5915";"17";"Сумська обл.";"1";"2023-07-29 14:12:11"
"5907";"5";"Костянтинівка";"0";"2023-07-29 14:32:51"
"5916";"17";"Сумська обл.";"1";"2023-07-29 16:06:58"
"5911";"8";"Запоріжжя";"0";"2023-07-29 17:05:09"
"5917";"17";"Сумська обл.";"1";"2023-07-29 17:15:47"
"5918";"17";"Сумська обл.";"1";"2023-07-29 17:41:01"
"5908";"5";"Донецьк";"0";"2023-07-29 20:04:00"
"5919";"17";"Суми";"0";"2023-07-29 20:08:23"
"5909";"5";"Маріуполь";"0";"2023-07-29 20:48:16"
"5920";"17";"Сумська обл.";"1";"2023-07-29 21:11:08"
"5921";"17";"Сумська обл.";"1";"2023-07-29 21:47:34"
"5910";"5";"Донецька обл.";"1";"2023-07-29 22:16:08"
"5929";"20";"Херсон";"0";"2023-07-29 22:20:56"
"5922";"17";"Сумська обл.";"1";"2023-07-29 22:27:13"
"5923";"17";"Путивль";"0";"2023-07-29 22:39:47"
"5924";"17";"Сумська обл.";"1";"2023-07-29 23:49:33"
"5940";"17";"Сумська обл.";"1";"2023-07-30 00:18:46"
"5951";"20";"Херсонська обл.";"1";"2023-07-30 02:49:30"
"5952";"20";"Херсон";"0";"2023-07-30 02:59:50"
"5949";"19";"Вовчанськ";"0";"2023-07-30 06:31:28"
"5941";"17";"Сумська обл.";"1";"2023-07-30 10:31:24"
"5930";"5";"Донецька обл.";"1";"2023-07-30 11:58:38"
"5942";"17";"Сумська обл.";"1";"2023-07-30 12:13:59"
"5931";"5";"Костянтинівка";"0";"2023-07-30 12:21:37"
"5943";"17";"Сумська обл.";"1";"2023-07-30 13:31:25"
"5944";"17";"Сумська обл.";"1";"2023-07-30 13:38:44"
"5932";"5";"Костянтинівка";"0";"2023-07-30 14:05:59"
"5945";"17";"Сумська обл.";"1";"2023-07-30 14:16:00"
"5933";"5";"Костянтинівка";"0";"2023-07-30 15:13:50"
"5939";"8";"Токмак";"0";"2023-07-30 15:29:23"
"5946";"17";"Сумська обл.";"1";"2023-07-30 15:44:09"
"5947";"17";"Сумська обл.";"1";"2023-07-30 17:43:36"
"5948";"17";"Сумська обл.";"1";"2023-07-30 18:32:58"
"5934";"5";"Костянтинівка";"0";"2023-07-30 18:44:50"
"5935";"5";"Костянтинівка";"0";"2023-07-30 19:18:44"
"5950";"19";"Харківська обл.";"1";"2023-07-30 20:34:24"
"5936";"5";"Курахове";"0";"2023-07-30 21:42:57"
"5953";"20";"Херсон";"0";"2023-07-30 22:01:45"
"5937";"5";"Курахове";"0";"2023-07-30 22:02:06"
"5938";"5";"Костянтинівка";"0";"2023-07-30 22:50:20"
"5954";"20";"Херсон";"0";"2023-07-30 23:22:24"
"5956";"5";"Краматорськ";"0";"2023-07-31 00:34:37"
"5957";"5";"Костянтинівка";"0";"2023-07-31 00:41:55"
"5958";"5";"Курахове";"0";"2023-07-31 01:21:26"
"5955";"4";"Кривий Ріг";"0";"2023-07-31 09:08:33"
"5959";"5";"Костянтинівка";"0";"2023-07-31 09:43:37"
"5960";"5";"Костянтинівка";"0";"2023-07-31 14:07:19"
"5961";"5";"Костянтинівка";"0";"2023-07-31 14:46:07"
"5962";"5";"Вугледар";"0";"2023-07-31 15:08:10"
"5963";"5";"Слов'янськ";"0";"2023-07-31 17:18:14"
"5976";"19";"Харків";"0";"2023-08-01 00:07:39"
"5977";"20";"Херсон";"0";"2023-08-01 02:38:19"
"5969";"17";"Сумська обл.";"1";"2023-08-01 08:24:17"
"5964";"5";"Костянтинівка";"0";"2023-08-01 10:03:49"
"5978";"20";"Херсон";"0";"2023-08-01 11:22:58"
"5970";"17";"Сумська обл.";"1";"2023-08-01 12:43:25"
"5979";"20";"Херсон";"0";"2023-08-01 13:07:37"
"5971";"17";"Сумська обл.";"1";"2023-08-01 13:14:32"
"5965";"5";"Донецька обл.";"1";"2023-08-01 14:22:52"
"5972";"17";"Сумська обл.";"1";"2023-08-01 15:14:31"
"5973";"17";"Сумська обл.";"1";"2023-08-01 15:15:35"
"5966";"5";"Костянтинівка";"0";"2023-08-01 16:00:35"
"5980";"20";"Херсон";"0";"2023-08-01 16:03:24"
"5967";"5";"Донецьк";"0";"2023-08-01 16:13:05"
"5981";"20";"Херсон";"0";"2023-08-01 17:35:12"
"5968";"5";"Маріуполь";"0";"2023-08-01 17:53:07"
"5974";"17";"Сумська обл.";"1";"2023-08-01 18:00:59"
"5975";"17";"Сумська обл.";"1";"2023-08-01 19:55:52"
"5982";"20";"Херсонська обл.";"1";"2023-08-01 20:51:39"
"5983";"20";"Херсон";"0";"2023-08-01 21:23:05"
"5984";"20";"Херсон";"0";"2023-08-01 22:28:05"
"5985";"20";"Херсон";"0";"2023-08-01 23:31:58"
"5986";"5";"Краматорськ";"0";"2023-08-02 00:57:19"
"5996";"17";"Сумська обл.";"1";"2023-08-02 00:58:43"
"5992";"9";"Київська обл.";"1";"2023-08-02 01:05:12"
"5993";"9";"Київська обл.";"1";"2023-08-02 01:49:16"
"5995";"14";"Одеська обл.";"1";"2023-08-02 02:22:07"
"5994";"9";"Київ";"0";"2023-08-02 02:32:54"
"5997";"17";"Сумська обл.";"1";"2023-08-02 08:28:15"
"5998";"17";"Сумська обл.";"1";"2023-08-02 09:02:05"
"5999";"17";"Сумська обл.";"1";"2023-08-02 09:28:03"
"5987";"5";"Костянтинівка";"0";"2023-08-02 10:39:06"
"6000";"17";"Сумська обл.";"1";"2023-08-02 10:51:55"
"5988";"5";"Донецька обл.";"1";"2023-08-02 11:38:09"
"6001";"17";"Сумська обл.";"1";"2023-08-02 11:48:42"
"6004";"20";"Херсонська обл.";"1";"2023-08-02 12:18:07"
"6002";"17";"Сумська обл.";"1";"2023-08-02 12:26:27"
"5990";"8";"Токмак";"0";"2023-08-02 16:00:09"
"5989";"5";"Костянтинівка";"0";"2023-08-02 17:06:03"
"6005";"20";"Херсон";"0";"2023-08-02 18:04:58"
"6003";"17";"Сумська обл.";"1";"2023-08-02 19:39:46"
"6006";"20";"Херсон";"0";"2023-08-02 20:12:37"
"6007";"20";"Херсон";"0";"2023-08-02 21:12:35"
"5991";"8";"Мелітополь";"0";"2023-08-02 21:42:34"
"6008";"20";"Херсон";"0";"2023-08-02 22:22:17"
"6024";"20";"Херсон";"0";"2023-08-03 00:28:21"
"6013";"9";"Київська обл.";"1";"2023-08-03 01:46:09"
"6014";"9";"Київ";"0";"2023-08-03 03:19:08"
"6025";"20";"Херсон";"0";"2023-08-03 06:39:39"
"6026";"20";"Херсон";"0";"2023-08-03 07:53:22"
"6015";"17";"Сумська обл.";"1";"2023-08-03 08:42:56"
"6016";"17";"Сумська обл.";"1";"2023-08-03 10:01:32"
"6012";"8";"Запорізька обл.";"1";"2023-08-03 10:03:20"
"6027";"20";"Херсон";"0";"2023-08-03 10:10:56"
"6022";"19";"Харківська обл.";"1";"2023-08-03 10:26:27"
"6017";"17";"Сумська обл.";"1";"2023-08-03 12:40:10"
"6018";"17";"Сумська обл.";"1";"2023-08-03 13:29:46"
"6019";"17";"Сумська обл.";"1";"2023-08-03 13:29:53"
"6028";"20";"Херсон";"0";"2023-08-03 13:43:49"
"6020";"17";"Сумська обл.";"1";"2023-08-03 13:53:16"
"6029";"20";"Херсон";"0";"2023-08-03 16:25:11"
"6009";"5";"Донецьк";"0";"2023-08-03 19:13:01"
"6030";"20";"Херсон";"0";"2023-08-03 21:22:05"
"6010";"5";"Донецька обл.";"1";"2023-08-03 21:47:42"
"6023";"19";"Харківська обл.";"1";"2023-08-03 22:11:50"
"6021";"17";"Шостка";"0";"2023-08-03 22:30:02"
"6011";"5";"Костянтинівка";"0";"2023-08-03 23:43:21"
"6033";"8";"Бердянськ";"0";"2023-08-04 01:42:22"
"6035";"17";"Сумська обл.";"1";"2023-08-04 12:39:17"
"6041";"20";"Херсон";"0";"2023-08-04 14:28:06"
"6036";"17";"Сумська обл.";"1";"2023-08-04 15:26:48"
"6042";"20";"Херсон";"0";"2023-08-04 15:38:47"
"6037";"17";"Сумська обл.";"1";"2023-08-04 16:24:27"
"6031";"5";"Донецька обл.";"1";"2023-08-04 17:00:55"
"6038";"17";"Сумська обл.";"1";"2023-08-04 18:06:25"
"6043";"20";"Херсонська обл.";"1";"2023-08-04 18:34:01"
"6044";"20";"Херсон";"0";"2023-08-04 21:33:07"
"6032";"5";"Донецька обл.";"1";"2023-08-04 21:59:06"
"6039";"17";"Сумська обл.";"1";"2023-08-04 22:52:46"
"6045";"20";"Херсон";"0";"2023-08-04 22:59:19"
"6040";"19";"Харківська обл.";"1";"2023-08-04 23:16:36"
"6034";"8";"Запорізька обл.";"1";"2023-08-04 23:46:24"
"6046";"20";"Херсон";"0";"2023-08-04 23:51:12"
"6059";"20";"Херсон";"0";"2023-08-05 02:18:23"
"6053";"17";"Сумська обл.";"1";"2023-08-05 09:10:23"
"6060";"20";"Херсон";"0";"2023-08-05 09:40:55"
"6061";"20";"Херсон";"0";"2023-08-05 10:16:21"
"6054";"17";"Сумська обл.";"1";"2023-08-05 10:50:25"
"6062";"20";"Херсон";"0";"2023-08-05 12:33:08"
"6055";"17";"Сумська обл.";"1";"2023-08-05 13:05:41"
"6047";"5";"Донецька обл.";"1";"2023-08-05 14:01:53"
"6048";"5";"Донецьк";"0";"2023-08-05 14:26:18"
"6056";"17";"Сумська обл.";"1";"2023-08-05 14:28:41"
"6057";"17";"Сумська обл.";"1";"2023-08-05 15:00:41"
"6051";"8";"Запоріжжя";"0";"2023-08-05 18:22:37"
"6050";"6";"Житомирська обл.";"1";"2023-08-05 19:07:02"
"6066";"21";"Хмельницька обл.";"1";"2023-08-05 19:07:40"
"6067";"23";"Чернігівська обл.";"1";"2023-08-05 19:11:45"
"6052";"9";"Київська обл.";"1";"2023-08-05 19:12:08"
"6063";"20";"Херсонська обл.";"1";"2023-08-05 20:02:16"
"6058";"17";"Сумська обл.";"1";"2023-08-05 20:51:20"
"6064";"20";"Херсон";"0";"2023-08-05 22:09:58"
"6049";"5";"Донецька обл.";"1";"2023-08-05 22:34:40"
"6065";"20";"Херсон";"0";"2023-08-05 22:49:58"
"6081";"20";"Херсон";"0";"2023-08-06 00:48:40"
"6082";"20";"Херсонська обл.";"1";"2023-08-06 00:49:47"
"6068";"3";"Вінницька обл.";"1";"2023-08-06 00:50:00"
"6087";"21";"Хмельницька обл.";"1";"2023-08-06 01:01:21"
"6088";"21";"Старокостянтинів";"0";"2023-08-06 01:19:25"
"6072";"8";"Запорізька обл.";"1";"2023-08-06 02:07:58"
"6073";"8";"Запоріжжя";"0";"2023-08-06 02:14:25"
"6089";"21";"Старокостянтинів";"0";"2023-08-06 02:18:08"
"6074";"8";"Запоріжжя";"0";"2023-08-06 02:28:09"
"6092";"22";"Черкаська обл.";"1";"2023-08-06 03:38:30"
"6075";"9";"Київська обл.";"1";"2023-08-06 03:53:14"
"6090";"21";"Хмельницька обл.";"1";"2023-08-06 04:07:22"
"6069";"5";"Костянтинівка";"0";"2023-08-06 04:30:53"
"6091";"21";"Хмельницька обл.";"1";"2023-08-06 04:33:34"
"6083";"20";"Херсон";"0";"2023-08-06 05:20:26"
"6080";"19";"Харків";"0";"2023-08-06 09:04:51"
"6076";"17";"Сумська обл.";"1";"2023-08-06 09:09:25"
"6084";"20";"Херсонська обл.";"1";"2023-08-06 09:21:37"
"6077";"17";"Сумська обл.";"1";"2023-08-06 10:52:23"
"6070";"5";"Костянтинівка";"0";"2023-08-06 11:29:01"
"6078";"17";"Сумська обл.";"1";"2023-08-06 12:50:21"
"6085";"20";"Генічеськ";"0";"2023-08-06 14:54:36"
"6071";"5";"Костянтинівка";"0";"2023-08-06 18:47:29"
"6086";"20";"Херсон";"0";"2023-08-06 19:05:33"
"6079";"17";"Сумська обл.";"1";"2023-08-06 20:52:38"
"6095";"20";"Херсон";"0";"2023-08-07 00:39:49"
"6094";"17";"Сумська обл.";"1";"2023-08-07 11:29:35"
"6096";"20";"Херсонська обл.";"1";"2023-08-07 14:43:24"
"6097";"20";"Херсонська обл.";"1";"2023-08-07 15:42:06"
"6093";"5";"Донецька обл.";"1";"2023-08-07 19:21:24"
"6098";"20";"Херсон";"0";"2023-08-07 22:30:54"
"6099";"20";"Херсонська обл.";"1";"2023-08-07 22:54:37"
"6100";"20";"Херсон";"0";"2023-08-07 23:20:50"
"6101";"5";"Краматорськ";"0";"2023-08-08 00:30:27"
"6107";"8";"Запоріжжя";"0";"2023-08-08 00:55:46"
"6102";"5";"Костянтинівка";"0";"2023-08-08 01:42:27"
"6103";"5";"Донецька обл.";"1";"2023-08-08 09:20:55"
"6108";"17";"Сумська обл.";"1";"2023-08-08 10:18:38"
"6109";"17";"Сумська обл.";"1";"2023-08-08 13:46:19"
"6111";"20";"Херсонська обл.";"1";"2023-08-08 14:43:30"
"6104";"5";"Костянтинівка";"0";"2023-08-08 18:51:54"
"6105";"5";"Донецьк";"0";"2023-08-08 19:13:27"
"6110";"19";"Харківська обл.";"1";"2023-08-08 19:14:25"
"6112";"20";"Херсон";"0";"2023-08-08 20:05:37"
"6106";"5";"Донецька обл.";"1";"2023-08-08 21:19:03"
"6113";"20";"Херсонська обл.";"1";"2023-08-08 22:39:18"
"6117";"17";"Сумська обл.";"1";"2023-08-09 08:38:33"
"6118";"17";"Сумська обл.";"1";"2023-08-09 11:28:56"
"6115";"8";"Запорізька обл.";"1";"2023-08-09 11:43:43"
"6121";"20";"Херсон";"0";"2023-08-09 11:46:18"
"6119";"17";"Сумська обл.";"1";"2023-08-09 11:58:54"
"6122";"20";"Херсон";"0";"2023-08-09 16:26:31"
"6114";"5";"Костянтинівка";"0";"2023-08-09 16:26:56"
"6116";"8";"Запоріжжя";"0";"2023-08-09 19:43:49"
"6123";"20";"Херсон";"0";"2023-08-09 20:17:33"
"6120";"19";"Харківська обл.";"1";"2023-08-09 22:31:06"
"6153";"23";"Чернігів";"0";"2023-08-10 01:08:36"
"6124";"5";"Краматорськ";"0";"2023-08-10 01:34:08"
"6125";"5";"Донецька обл.";"1";"2023-08-10 01:46:10"
"6133";"9";"Київська обл.";"1";"2023-08-10 01:51:55"
"6145";"20";"Херсон";"0";"2023-08-10 02:31:05"
"6152";"21";"Хмельницька обл.";"1";"2023-08-10 03:13:46"
"6141";"19";"Харківська обл.";"1";"2023-08-10 09:09:12"
"6126";"5";"Костянтинівка";"0";"2023-08-10 10:21:34"
"6146";"20";"Білозерка";"0";"2023-08-10 11:39:20"
"6134";"17";"Сумська обл.";"1";"2023-08-10 12:42:08"
"6135";"17";"Сумська обл.";"1";"2023-08-10 14:06:49"
"6136";"17";"Сумська обл.";"1";"2023-08-10 14:42:25"
"6127";"5";"Костянтинівка";"0";"2023-08-10 14:42:39"
"6128";"5";"Донецька обл.";"1";"2023-08-10 16:56:11"
"6137";"17";"Сумська обл.";"1";"2023-08-10 17:45:44"
"6129";"5";"Костянтинівка";"0";"2023-08-10 18:11:50"
"6142";"19";"Вовчанськ";"0";"2023-08-10 18:21:30"
"6138";"17";"Сумська обл.";"1";"2023-08-10 18:28:53"
"6143";"19";"Харківська обл.";"1";"2023-08-10 18:56:34"
"6147";"20";"Нова Каховка";"0";"2023-08-10 19:07:00"
"6132";"8";"Запоріжжя";"0";"2023-08-10 19:21:25"
"6144";"19";"Харківська обл.";"1";"2023-08-10 19:31:35"
"6139";"17";"Сумська обл.";"1";"2023-08-10 19:41:11"
"6148";"20";"Херсонська обл.";"1";"2023-08-10 20:08:50"
"6149";"20";"Херсонська обл.";"1";"2023-08-10 20:53:19"
"6150";"20";"Херсонська обл.";"1";"2023-08-10 20:54:58"
"6151";"20";"Херсон";"0";"2023-08-10 21:18:42"
"6130";"5";"Костянтинівка";"0";"2023-08-10 21:52:12"
"6140";"17";"Сумська обл.";"1";"2023-08-10 22:27:58"
"6131";"5";"Костянтинівка";"0";"2023-08-10 23:31:26"
"6160";"20";"Херсон";"0";"2023-08-11 03:57:20"
"6161";"20";"Херсон";"0";"2023-08-11 08:09:54"
"6162";"20";"Херсон";"0";"2023-08-11 08:30:14"
"6163";"20";"Херсон";"0";"2023-08-11 09:05:54"
"6156";"9";"Київ";"0";"2023-08-11 10:00:46"
"6157";"9";"Київська обл.";"1";"2023-08-11 10:06:04"
"6165";"21";"Хмельницький";"0";"2023-08-11 10:06:15"
"6154";"3";"Вінницька обл.";"1";"2023-08-11 10:08:42"
"6158";"17";"Сумська обл.";"1";"2023-08-11 10:23:40"
"6164";"20";"Херсонська обл.";"1";"2023-08-11 10:47:58"
"6159";"17";"Сумська обл.";"1";"2023-08-11 21:27:46"
"6155";"5";"Костянтинівка";"0";"2023-08-11 23:33:39"
"6166";"4";"Кривий Ріг";"0";"2023-08-12 10:01:59"
"6168";"20";"Херсон";"0";"2023-08-12 12:05:07"
"6169";"20";"Херсон";"0";"2023-08-12 13:43:09"
"6167";"17";"Сумська обл.";"1";"2023-08-12 14:12:16"
"6170";"20";"Херсонська обл.";"1";"2023-08-12 19:29:40"
"6171";"20";"Олешки";"0";"2023-08-12 20:21:15"
"6172";"20";"Херсон";"0";"2023-08-12 21:05:32"
"6176";"17";"Сумська обл.";"1";"2023-08-13 09:10:14"
"6177";"17";"Сумська обл.";"1";"2023-08-13 12:25:22"
"6175";"13";"Миколаїв";"0";"2023-08-13 13:37:55"
"6174";"8";"Мелітополь";"0";"2023-08-13 16:12:04"
"6178";"17";"Сумська обл.";"1";"2023-08-13 16:40:42"
"6179";"17";"Сумська обл.";"1";"2023-08-13 18:42:13"
"6173";"5";"Костянтинівка";"0";"2023-08-13 22:58:31"
"6180";"5";"Маріуполь";"0";"2023-08-14 00:09:48"
"6186";"14";"Одеса";"0";"2023-08-14 01:11:11"
"6187";"14";"Одеська обл.";"1";"2023-08-14 01:57:59"
"6188";"14";"Одеса";"0";"2023-08-14 02:00:49"
"6184";"8";"Запоріжжя";"0";"2023-08-14 02:20:16"
"6189";"14";"Одеса";"0";"2023-08-14 03:01:15"
"6185";"8";"Бердянськ";"0";"2023-08-14 09:59:21"
"6190";"17";"Сумська обл.";"1";"2023-08-14 10:02:39"
"6191";"17";"Сумська обл.";"1";"2023-08-14 11:28:08"
"6192";"17";"Сумська обл.";"1";"2023-08-14 12:24:56"
"6181";"5";"Костянтинівка";"0";"2023-08-14 13:52:10"
"6193";"17";"Сумська обл.";"1";"2023-08-14 15:20:01"
"6194";"17";"Сумська обл.";"1";"2023-08-14 16:30:15"
"6195";"17";"Сумська обл.";"1";"2023-08-14 19:40:16"
"6182";"5";"Костянтинівка";"0";"2023-08-14 22:54:51"
"6183";"5";"Краматорськ";"0";"2023-08-14 23:23:37"
"6196";"17";"Сумська обл.";"1";"2023-08-14 23:41:26"
"6210";"20";"Херсон";"0";"2023-08-15 00:55:23"
"6211";"20";"Херсон";"0";"2023-08-15 01:37:12"
"6200";"5";"Донецька обл.";"1";"2023-08-15 02:21:55"
"6201";"5";"Слов'янськ";"0";"2023-08-15 04:01:06"
"6202";"5";"Краматорськ";"0";"2023-08-15 04:02:47"
"6199";"4";"Дніпро";"0";"2023-08-15 04:15:58"
"6205";"8";"Запоріжжя";"0";"2023-08-15 04:31:54"
"6219";"21";"Хмельницький";"0";"2023-08-15 04:48:35"
"6198";"3";"Вінницька обл.";"1";"2023-08-15 04:55:17"
"6197";"2";"Луцьк";"0";"2023-08-15 05:13:32"
"6206";"12";"Львів";"0";"2023-08-15 05:13:32"
"6203";"5";"Донецька обл.";"1";"2023-08-15 07:51:14"
"6212";"20";"Херсон";"0";"2023-08-15 07:51:26"
"6213";"20";"Херсонська обл.";"1";"2023-08-15 09:08:46"
"6214";"20";"Херсонська обл.";"1";"2023-08-15 09:15:07"
"6207";"17";"Сумська обл.";"1";"2023-08-15 12:33:51"
"6208";"17";"Сумська обл.";"1";"2023-08-15 13:42:41"
"6215";"20";"Херсон";"0";"2023-08-15 14:13:52"
"6216";"20";"Херсон";"0";"2023-08-15 15:24:35"
"6217";"20";"Херсон";"0";"2023-08-15 17:31:04"
"6218";"20";"Херсон";"0";"2023-08-15 21:41:44"
"6204";"5";"Донецька обл.";"1";"2023-08-15 22:33:49"
"6209";"17";"Сумська обл.";"1";"2023-08-15 23:12:11"
"6222";"14";"Одеська обл.";"1";"2023-08-16 02:15:26"
"6233";"20";"Херсон";"0";"2023-08-16 03:04:00"
"6223";"14";"Одеська обл.";"1";"2023-08-16 03:32:48"
"6220";"5";"Костянтинівка";"0";"2023-08-16 03:47:08"
"6224";"14";"Одеська обл.";"1";"2023-08-16 04:17:13"
"6228";"19";"Харківська обл.";"1";"2023-08-16 08:13:31"
"6225";"17";"Сумська обл.";"1";"2023-08-16 08:25:14"
"6234";"20";"Херсон";"0";"2023-08-16 08:47:37"
"6229";"19";"Харків";"0";"2023-08-16 08:54:48"
"6226";"17";"Сумська обл.";"1";"2023-08-16 09:26:50"
"6235";"20";"Херсон";"0";"2023-08-16 10:30:50"
"6230";"19";"Вовчанськ";"0";"2023-08-16 12:16:44"
"6236";"20";"Херсон";"0";"2023-08-16 14:20:00"
"6231";"19";"Харківська обл.";"1";"2023-08-16 15:28:45"
"6232";"19";"Харківська обл.";"1";"2023-08-16 15:48:08"
"6237";"20";"Херсонська обл.";"1";"2023-08-16 15:57:04"
"6238";"20";"Херсонська обл.";"1";"2023-08-16 16:35:39"
"6239";"20";"Херсон";"0";"2023-08-16 16:44:45"
"6240";"20";"Херсон";"0";"2023-08-16 16:47:00"
"6241";"20";"Херсон";"0";"2023-08-16 17:24:57"
"6221";"5";"Костянтинівка";"0";"2023-08-16 19:04:04"
"6227";"17";"Сумська обл.";"1";"2023-08-16 20:22:52"
"6242";"20";"Херсон";"0";"2023-08-16 21:56:45"
"6243";"20";"Херсон";"0";"2023-08-16 23:42:15"
"6248";"17";"Сумська обл.";"1";"2023-08-17 09:53:10"
"6249";"17";"Сумська обл.";"1";"2023-08-17 10:46:21"
"6250";"17";"Сумська обл.";"1";"2023-08-17 11:24:11"
"6253";"20";"Херсонська обл.";"1";"2023-08-17 12:09:31"
"6244";"5";"Костянтинівка";"0";"2023-08-17 12:10:40"
"6254";"20";"Херсон";"0";"2023-08-17 12:24:04"
"6251";"17";"Сумська обл.";"1";"2023-08-17 12:31:02"
"6252";"17";"Сумська обл.";"1";"2023-08-17 13:33:20"
"6245";"5";"Костянтинівка";"0";"2023-08-17 15:22:48"
"6255";"20";"Херсон";"0";"2023-08-17 19:00:18"
"6246";"5";"Костянтинівка";"0";"2023-08-17 19:20:49"
"6247";"5";"Костянтинівка";"0";"2023-08-17 23:51:30"
"6256";"20";"Херсон";"0";"2023-08-17 23:56:58"
"6269";"20";"Херсон";"0";"2023-08-18 01:17:51"
"6270";"20";"Херсон";"0";"2023-08-18 09:45:45"
"6259";"17";"Сумська обл.";"1";"2023-08-18 09:49:05"
"6267";"19";"Харківська обл.";"1";"2023-08-18 11:30:31"
"6260";"17";"Сумська обл.";"1";"2023-08-18 11:39:38"
"6258";"8";"Запоріжжя";"0";"2023-08-18 12:21:27"
"6261";"17";"Сумська обл.";"1";"2023-08-18 12:49:31"
"6268";"19";"Козача Лопань";"0";"2023-08-18 13:46:19"
"6262";"17";"Сумська обл.";"1";"2023-08-18 14:38:45"
"6263";"17";"Сумська обл.";"1";"2023-08-18 14:47:57"
"6264";"17";"Сумська обл.";"1";"2023-08-18 15:26:38"
"6265";"17";"Сумська обл.";"1";"2023-08-18 19:01:18"
"6271";"20";"Херсон";"0";"2023-08-18 20:10:48"
"6272";"20";"Херсонська обл.";"1";"2023-08-18 20:19:49"
"6257";"5";"Костянтинівка";"0";"2023-08-18 22:43:10"
"6266";"17";"Сумська обл.";"1";"2023-08-18 23:16:38"
